rank,name,elo,bestWin,bestWinElo,GCs
1,Company of Singers / Totino-Grace High School,2072,Friend de Coup / Mitchell High School,1945,5
2,Sound Check / Waubonsie Valley High School,1999,The Classics / Wheaton Warrenville South High School,1951,4
3,The Classics / Wheaton Warrenville South High School,1951,Swingsations / Mt. Zion High School,1827,3
4,Friend de Coup / Mitchell High School,1945,Sound System / Center Grove High School,1827,4
5,Attaché / Clinton High School,1933,Sound System / Center Grove High School,1827,3
6,West Side Delegation / Cedar Rapids Jefferson High School,1878,Millennium / Waukee High School,1849,4
7,Ambassadors / Carmel High School,1857,Swingsations / Mt. Zion High School,1827,1
8,Millennium / Waukee High School,1849,Friend de Coup / Mitchell High School,1945,2
9,The Company / Piqua High School,1841,First Edition / Findlay High School,1692,4
10,Sound System / Center Grove High School,1827,Ambassadors / Carmel High School,1857,4
11,Swingsations / Mt. Zion High School,1827,Encores / Enterprise High School,1665,2
12,First Edition / Lafayette Jefferson High School,1827,Amazing Technicolor Show Choir / Westside High School,1763,1
13,Expressions / Buffalo Grove High School,1824,The Classics / Wheaton Warrenville South High School,1951,1
14,Show Cards / Colerain High School,1819,Great Expectations / Twinsburg High School,1770,4
15,Vocalmotive / Bemidji High School,1814,Riverside Company / Hastings High School,1728,2
16,F.C. Singers / Franklin Central High School,1808,Show Cards / Colerain High School,1819,3
17,Xhilaration / Xavier High School,1805,The Headliners / Sioux City East High School,1706,4
18,Great Expectations / Twinsburg High School,1770,Minstrel Magic / Carroll High School,1674,1
19,Amazing Technicolor Show Choir / Westside High School,1763,Swingsations / Mt. Zion High School,1827,2
20,Grand Central Station / La Crosse Central High School,1757,The Headliners / Sioux City East High School,1706,2
21,Momentum / Cedar Rapids Washington High School,1756,Xhilaration / Xavier High School,1805,2
22,Eclipse / Regis Middle School,1750,Classic Edition / McKinley Middle School,1570,1
23,Rhythm In Red / Cabell Midland High School,1747,Good Times / Martinsburg High School,1618,3
24,CenterStage! / Albertville High School,1737,Wave Connection / Tupelo High School,1627,2
25,In Sync / Burbank High School,1729,Choraliers / Fairfield Senior High School,1699,0
26,Riverside Company / Hastings High School,1728,Swingsations / Mt. Zion High School,1827,3
27,Counterpoints / North Central High School,1718,First Edition / Lafayette Jefferson High School,1827,0
28,Capital Swing / Manchester High School,1708,Spotlight / Cosby High School,1639,2
29,Powerhouse / John Burroughs High School,1708,Sound System / Center Grove High School,1827,0
30,The Headliners / Sioux City East High School,1706,14 Karat Gold / Grand Island Northwest High School,1670,2
31,Choraliers / Fairfield Senior High School,1699,Sound System / Center Grove High School,1827,2
32,Jefferson Connection / Bloomington Jefferson High School,1694,Choralation / Milton High School,1608,2
33,Ovations / Opelika High School,1694,Minstrels / Bishop Luers High School,1676,1
34,First Edition / Findlay High School,1692,Show Cards / Colerain High School,1819,2
35,Spotlighters / Craig High School,1689,Cardinal Singers / Mayville High School,1507,3
36,Studio / Urbandale High School,1689,Vocalmotive / Bemidji High School,1814,1
37,Hillside Singers / Pleasant Hill High School,1686,City Lights / Rock Bridge High School,1635,2
38,Showstoppers / Winston Churchill High School,1685,Spotlight / Cosby High School,1639,0
39,Central Sound / Lawrence Central High School,1684,Riverside Company / Hastings High School,1728,1
40,Sound FX / Los Alamitos High School,1679,In Sync / Burbank High School,1729,2
41,Minstrels / Bishop Luers High School,1676,Show Cards / Colerain High School,1819,3
42,Evolution / American Leadership Academy,1675,Main Street / La Cueva High School,1511,1
43,Minstrel Magic / Carroll High School,1674,First Edition / Lafayette Jefferson High School,1827,1
44,Music in Motion / Solon High School,1673,Great Expectations / Twinsburg High School,1770,1
45,14 Karat Gold / Grand Island Northwest High School,1670,Good Time Company / Iowa City West High School,1649,0
46,Varsity Singers / Huntington North High School,1669,First Edition / Lafayette Jefferson High School,1827,2
47,Encores / Enterprise High School,1665,CenterStage! / Albertville High School,1737,1
48,Sound Vibrations / Hart High School,1657,Capital Swing / Manchester High School,1708,1
49,Royalaires / Zionsville High School,1649,Amazing Technicolor Show Choir / Westside High School,1763,0
50,Good Time Company / Iowa City West High School,1649,The Headliners / Sioux City East High School,1706,0
51,Innovation / Johnston High School,1648,Jefferson Connection / Bloomington Jefferson High School,1694,1
52,Visual Adrenaline / Ankeny High School,1644,Innovation / Johnston High School,1648,0
53,Classic Connection / DeKalb High School,1642,Sound System / Center Grove High School,1827,2
54,New Dimensions / Clover Hill High School,1642,CenterStage! / Albertville High School,1737,2
55,Happiness Inc. / Cedar Rapids Kennedy High School,1642,Vocalmotive / Bemidji High School,1814,1
56,Spotlight / Cosby High School,1639,Good Times / Martinsburg High School,1618,1
57,City Lights / Rock Bridge High School,1635,Titanium / Papillion-La Vista South High School,1589,1
58,Elite Energy / Eisenhower High School,1635,Minstrels / Bishop Luers High School,1676,1
59,AcaPella / Pella High School,1634,Sound Revolution / Norwalk High School,1556,2
60,West Connection / Bellevue West High School,1633,Countesses & Noblemen / Lincoln Southeast High School,1453,1
61,Central Singers Inc. / Davenport Central High School,1630,West Side Delegation / Cedar Rapids Jefferson High School,1878,1
62,Encores / Pike High School,1629,Minstrels / Bishop Luers High School,1676,1
63,Wave Connection / Tupelo High School,1627,Company / South Jones Jr/Sr High School,1576,0
64,Spotlight Singers & Company / Brownsburg High School,1624,Belles et Beaux / Plainfield High School,1529,0
65,Dimensions / Dowling Catholic High School,1624,Ovation! / O'Gorman High School,1493,1
66,Premiers / Ben Davis High School,1621,First Edition / Lafayette Jefferson High School,1827,1
67,Show Choir / Ellsworth High School,1620,Show Choir / Nokomis Regional Middle/High School,1526,1
68,Panache / Oliver Ames High School,1619,N/A,-1,0
69,Good Times / Martinsburg High School,1618,Red Hot / Hurricane High School,1482,0
70,Celebration Co. / Benton Community High School,1617,The Ambassadors / Prairie High School,1522,1
71,River City Rhythm / Muscatine High School,1616,AcaPella / Pella High School,1634,1
72,Reveillon / Jackson Preparatory School,1613,Legacy / Sumrall High School,1493,1
73,Visual Volume / Poca High School,1611,Good Times / Martinsburg High School,1618,1
74,Great Expectations / O'Fallon Township High School,1610,Jefferson Connection / Bloomington Jefferson High School,1694,1
75,Highland Singers / Highland High School,1609,Classic Connection / DeKalb High School,1642,2
76,Magic / Manteno High School,1609,Cavaliers / Crete-Monee High School,1543,1
77,Swingers Unlimited / Marysville High School,1608,Great Expectations / Twinsburg High School,1770,1
78,Sound Express / Carlsbad High School,1608,N/A,-1,0
79,Choralation / Milton High School,1608,Grand Central Station / La Crosse Central High School,1757,1
80,Masquerade / Brea Olinda High School,1607,N/A,-1,0
81,West High Story / Waterloo West High School,1602,Explosion! / Omaha North High School,1516,1
82,Power Company / Waconia High School,1601,Momentum / Cedar Rapids Washington High School,1756,0
83,Express / Troy Buchanan High School,1600,City Lights / Rock Bridge High School,1635,1
84,Ultimate Image / Grand Island Senior High School,1598,Ovation! / O'Gorman High School,1493,1
85,Trojanaires / Jenks High School,1597,Swingers Unlimited / Marysville High School,1608,1
86,Lights / Mundelein High School,1594,Great Expectations / O'Fallon Township High School,1610,0
87,Voices In Perfection / Capital High School,1590,New Dimensions / Clover Hill High School,1642,1
88,Titanium / Papillion-La Vista South High School,1589,Corporation / Lewis Central High School,1524,0
89,Company / South Jones Jr/Sr High School,1576,Ovations / Opelika High School,1694,2
90,Sound Sensation / DeKalb High School,1573,Titan Fever / Glenwood High School,1473,0
91,Knight Stars / Norwell High School,1573,Knight Moves / Norwell High School,1496,0
92,Classic Edition / McKinley Middle School,1570,Classic Innovation / Harding Middle School,1510,0
93,Harmonia Mundi / Bishop Heelan Catholic School,1566,AcaPella / Pella High School,1634,1
94,Sound / Mundelein High School,1565,Spotlighters / Craig High School,1689,1
95,Rebelaires / Westwood Jr/Sr High School,1565,Crimson And Black / LeMars Community High School,1520,1
96,The Network / Homewood High School,1564,Company / South Jones Jr/Sr High School,1576,0
97,10th Street Edition / Linn-Mar High School,1556,Happiness Inc. / Cedar Rapids Kennedy High School,1642,0
98,Sound Revolution / Norwalk High School,1556,Light Inc. / Des Moines Christian School,1419,0
99,Chanteurs / Arcadia High School,1556,N/A,-1,0
100,Highleit / DeKalb School of the Arts,1548,Visual Volume / Poca High School,1611,0
101,Girls in Heels / Waubonsie Valley High School,1544,Singers / Sullivan High School,1413,0
102,Cavaliers / Crete-Monee High School,1543,Noteables / Pekin Community High School,1499,0
103,Step on Stage / Horizon High School,1533,N/A,-1,0
104,Protégé / Cedar Rapids Kennedy High School,1533,Northside Establishment / Davenport North High School,1516,0
105,Belles et Beaux / Plainfield High School,1529,Knight Moves / Norwell High School,1496,0
106,Show Choir / Nokomis Regional Middle/High School,1526,Voices Unlimited / Hampden Academy,1475,0
107,Rhythm in Gold / Bloomington Kennedy High School,1526,Hilltoppers / Onalaska High School,1503,0
108,Corporation / Lewis Central High School,1524,Ultimate Image / Grand Island Senior High School,1598,0
109,The Ambassadors / Prairie High School,1522,Jefferson Connection / Bloomington Jefferson High School,1694,0
110,West in the Groove / Millard West High School,1521,Titanium / Papillion-La Vista South High School,1589,0
111,Crimson And Black / LeMars Community High School,1520,Satisfaction / Sioux Center High School,1469,0
112,Pizzazz / Parkway Central High School,1518,Explosion! / Omaha North High School,1516,0
113,Friends / Beavercreek High School,1517,Visual Volume / Poca High School,1611,0
114,Northside Establishment / Davenport North High School,1516,River City Rhythm / Muscatine High School,1616,1
115,Explosion! / Omaha North High School,1516,RAMification / Southeast Polk High School,1458,0
116,Marquis / Diamond Bar High School,1515,N/A,-1,0
117,Main Street / La Cueva High School,1511,Gold Rush / Eldorado High School,1469,0
118,Aztec Singers / Mark Keppel High School,1511,N/A,-1,0
119,The Music Machine / Bonita Vista High School,1510,N/A,-1,0
120,Classic Innovation / Harding Middle School,1510,FLaPCo / Franklin Middle School,1390,0
121,Free Spirit / Papillion-La Vista High School,1508,Ultimate Image / Grand Island Senior High School,1598,0
122,Forte / Palatine High School,1508,Delegation / Danville High School,1484,0
123,Soundsations / Petal High School,1507,The Network / Homewood High School,1564,0
124,RUSH / Ralston High School,1507,Ultimate Image / Grand Island Senior High School,1598,0
125,Cardinal Singers / Mayville High School,1507,Grand Central Station / La Crosse Central High School,1757,1
126,Mixed Company / Prospect High School,1505,Forte / Palatine High School,1508,0
127,Royal Stewart Singers / Glendora High School,1504,N/A,-1,0
128,Hilltoppers / Onalaska High School,1503,Grand Central Station / La Crosse Central High School,1757,1
129,Vocal Point / Serrano High School,1502,N/A,-1,0
130,Applause / Appling County High School,1500,N/A,-1,0
131,Varsity Show Choir / Des Moines Roosevelt High School,1500,Side One / Indianola High School,1409,0
132,InAChordDance / Appomattox Regional Governor's School,1499,N/A,-1,0
133,Noteables / Pekin Community High School,1499,Magic / Manteno High School,1609,0
134,Encore Entertainment Company / Medina High School,1498,Showcats / Nitro High School,1407,0
135,Knight Moves / Norwell High School,1496,Music Warehouse / Edgewood High School,1444,0
136,Varsity Singers / Auburn High School,1494,Company / South Jones Jr/Sr High School,1576,0
137,Legacy / Sumrall High School,1493,Premiere / Columbia Academy,1433,0
138,Ovation! / O'Gorman High School,1493,Classic Connection / Sioux Falls Washington High School,1475,0
139,Synergy / Johnston High School,1489,Varsity Show Choir / Des Moines Roosevelt High School,1500,0
140,Center Stage! / Oak Grove High School,1487,Gold Horizons / Northeast Jones Jr/Sr High School,1359,0
141,The Current / Waconia High School,1485,N/A,-1,0
142,Impulse / Wahlert Catholic High School,1484,Hilltoppers / Onalaska High School,1503,0
143,Delegation / Danville High School,1484,Great Expectations / O'Fallon Township High School,1610,0
144,The Class Act / Logan High School,1483,Forte / Palatine High School,1508,0
145,Opening Knight / South Dearborn High School,1482,N/A,-1,0
146,Red Hot / Hurricane High School,1482,Pure Elegance / Fairfield Senior High School,1465,0
147,Choralation / Valley High School,1481,Dimensions / Dowling Catholic High School,1624,0
148,Pure Crimson & Gold / Omaha Northwest High School,1478,N/A,-1,0
149,West Connection / Davenport West High School,1476,14 Karat Gold / Grand Island Northwest High School,1670,1
150,Satin 'n Lace / Rock Bridge High School,1476,Soundsational Singers / Nevada High School,1429,0
151,Voices Unlimited / Hampden Academy,1475,Show Choir / Waterville Senior High School,1379,0
152,Classic Connection / Sioux Falls Washington High School,1475,Ovation! / O'Gorman High School,1493,0
153,Second Edition / Council Bluffs Jefferson High School,1474,N/A,-1,0
154,Voices 'N Harmony / Lincoln Northeast High School,1474,N/A,-1,0
155,Titan Fever / Glenwood High School,1473,Magic / Manteno High School,1609,1
156,Impact / Pascagoula High School,1471,Reveillon / Jackson Preparatory School,1613,0
157,Sophisticated Ladies / Edgewood High School,1470,N/A,-1,0
158,Gold Rush / Eldorado High School,1469,Platinum / Canyon High School,1398,0
159,Satisfaction / Sioux Center High School,1469,Swingsations / Carroll High School,1347,0
160,Fantasy / Shepherd Hill Regional High School,1469,VIBE / Daniel Hand High School,1419,0
161,Resonance / Lincoln Southwest High School,1468,Sadie Street Singers / Anamosa High School,1454,0
162,Pure Elegance / Fairfield Senior High School,1465,Rhapsody In Blue / Hamilton High School,1424,0
163,Express / Lincoln East High School,1462,Ultimate Image / Grand Island Senior High School,1598,0
164,Vitality / Urbandale High School,1461,N/A,-1,0
165,RAMification / Southeast Polk High School,1458,Jefferson Edition / Council Bluffs Jefferson High School,1418,0
166,Encore / Madison East High School,1457,Executive Session / Sauk Prairie High School,1428,0
167,Shooting Stars / Monrovia High School,1456,N/A,-1,0
168,Red Hot Blues / New Castle High School,1456,N/A,-1,0
169,Sadie Street Singers / Anamosa High School,1454,Sound Coalition / Columbus Catholic High School,1399,0
170,Countesses & Noblemen / Lincoln Southeast High School,1453,N/A,-1,0
171,Show Choir / Seaman High School,1453,N/A,-1,0
172,City Heat / Columbia City High School,1452,New Era / Churubusco Jr/Sr High School,1381,0
173,Revolution / Gretna High School,1450,Sadie Street Singers / Anamosa High School,1454,0
174,Vintage 2010 / Neenah High School,1449,N/A,-1,0
175,Spirit / Waukee High School,1449,N/A,-1,0
176,Show Steelers / Joliet Central High School,1448,N/A,-1,0
177,Sandpipers / Chesterton High School,1447,City Heat / Columbia City High School,1452,0
178,Commotion / Holy Trinity Jr/Sr High School,1447,InMotion / Mt. Pleasant Community High School,1396,0
179,Excel / Elkhorn High School,1446,N/A,-1,0
180,La Voce Ballo / Bemidji High School,1445,N/A,-1,0
181,Chorale / Gahanna Lincoln High School,1445,N/A,-1,0
182,Testostertones / Totino-Grace High School,1445,N/A,-1,0
183,Nova / Alan B. Shepard High School,1444,N/A,-1,0
184,Music Warehouse / Edgewood High School,1444,N/A,-1,0
185,Take II / Bellevue East High School,1444,N/A,-1,0
186,Encore / Harold L. Richards High School,1443,N/A,-1,0
187,Soundwaves / Hinton Community School,1441,N/A,-1,0
188,Accents / Avon High School,1441,N/A,-1,0
189,Flash 'n Fascination / Martinsville High School,1440,N/A,-1,0
190,Voices of Central / Keller Central High School,1439,N/A,-1,0
191,Charisma / Northrop High School,1439,Rhythm In Red / Cabell Midland High School,1747,0
192,Jubilaires / Beech Grove High School,1437,N/A,-1,0
193,Reveille / Madison Central High School,1435,N/A,-1,0
194,Chicagoland Ambassadors / The Rising Stars Company,1434,N/A,-1,0
195,Eisenhower Express / Dwight D. Eisenhower High School,1434,N/A,-1,0
196,Spartan Sensations / Springfield Southeast High School,1434,N/A,-1,0
197,Locomotion / Altoona High School,1434,Cardinal Singers / Mayville High School,1507,0
198,Premiere / Columbia Academy,1433,Central Attraction / Pearl River Central High School,1343,0
199,Northern Lights / North St. Paul High School,1433,Jive / Bloomington Jefferson High School,1383,0
200,Ovation / Cedar Rapids Jefferson High School,1432,N/A,-1,0
201,Spotlighters / Mooresville High School,1432,N/A,-1,0
202,Soundsational Singers / Nevada High School,1429,N/A,-1,0
203,Executive Session / Sauk Prairie High School,1428,N/A,-1,0
204,4th Avenue Jazz Company / Iowa City High School,1427,N/A,-1,0
205,Con Brio / Oak Mountain High School,1424,N/A,-1,0
206,Rhapsody In Blue / Hamilton High School,1424,Opening Knight / South Dearborn High School,1482,0
207,Knight Scene / Thomas Dale High School,1423,High Impact / Matoaca High School,1410,0
208,Encore / St. Joseph Central High School,1423,N/A,-1,0
209,Spectrum / Pius X High School,1422,N/A,-1,0
210,WD Forté / West Delaware High School,1422,N/A,-1,0
211,New Generation / Sullivan High School,1420,N/A,-1,0
212,Center Stage / Marquette High School,1419,N/A,-1,0
213,Light Inc. / Des Moines Christian School,1419,First Edition / Hudson High School,1364,0
214,VIBE / Daniel Hand High School,1419,N/A,-1,0
215,Christopher Jive and the Uptown 45 / West Branch High School,1418,First Edition / Hudson High School,1364,0
216,Xuberance / Xavier High School,1418,N/A,-1,0
217,Jefferson Edition / Council Bluffs Jefferson High School,1418,N/A,-1,0
218,Chi-Hi Harmonics / Chippewa Falls High School,1417,Old Abe Show Choir / Memorial High School,1365,0
219,Simply Irresistible / Westside High School,1417,N/A,-1,0
220,Èlan / Auburn High School,1415,N/A,-1,0
221,Esprit / Enterprise High School,1415,N/A,-1,0
222,Hilltop Harmony / Pleasant Hill High School,1415,N/A,-1,0
223,Entertainers / Grafton High School,1415,N/A,-1,0
224,Faces / Crete-Monee High School,1415,N/A,-1,0
225,Classix / St. Albans High School,1414,N/A,-1,0
226,Sound Wave / Twin Lakes High School,1413,N/A,-1,0
227,Mystiques / Pike High School,1413,N/A,-1,0
228,Singers / Sullivan High School,1413,N/A,-1,0
229,Rave Revue / Ravenswood High School,1412,High Impact / Herbert Hoover High School,1406,0
230,Illusion / Atlee High School,1410,Harbor Lights / Kecoughtan High School,1395,0
231,Surround Sound / Bettendorf High School,1410,N/A,-1,0
232,High Impact / Matoaca High School,1410,Knight Scene / Thomas Dale High School,1423,0
233,OnStage / John Hersey High School,1409,Magic / Manteno High School,1609,0
234,Just For Show / Midlothian High School,1409,High Impact / Matoaca High School,1410,0
235,Side One / Indianola High School,1409,InMotion / Mt. Pleasant Community High School,1396,0
236,Prominent Rendition / Teays Valley High School,1407,Showcats / Nitro High School,1407,0
237,Showcats / Nitro High School,1407,Voices In Perfection / Capital High School,1590,0
238,High Impact / Herbert Hoover High School,1406,N/A,-1,0
239,Unlimited / Paxton-Buckley-Loda High School,1406,N/A,-1,0
240,Illusion / Kettering Fairmont High School,1404,N/A,-1,0
241,Uptown Girls / Millard West High School,1404,N/A,-1,0
242,Silver Connection / Monona Grove High School,1404,The Ambassadors / Prairie High School,1522,0
243,Central Connection / La Crosse Central High School,1401,N/A,-1,0
244,Impressions / Cory-Rawson High School,1401,N/A,-1,0
245,Esprit / Southwestern Jr/Sr High School,1399,N/A,-1,0
246,Sound Coalition / Columbus Catholic High School,1399,N/A,-1,0
247,Expressions / Portsmouth High School,1399,N/A,-1,0
248,Sensations / Sumner-Fredericksburg High School,1398,N/A,-1,0
249,Platinum / Canyon High School,1398,N/A,-1,0
250,InMotion / Mt. Pleasant Community High School,1396,Christopher Jive and the Uptown 45 / West Branch High School,1418,0
251,Sounds / Ben Davis High School,1395,N/A,-1,0
252,Harbor Lights / Kecoughtan High School,1395,N/A,-1,0
253,Melodic Impact / Beech High School,1393,N/A,-1,0
254,Madrijazz / Mechanicsville High School,1392,N/A,-1,0
255,Sudden Impact / Ottumwa High School,1392,N/A,-1,0
256,Choraliers / Edgewood High School,1391,Opening Knight / South Dearborn High School,1482,0
257,Imagination / West Jones High School,1391,Reveillon / Jackson Preparatory School,1613,0
258,Sudden Image / Lloyd C. Bird High School,1390,N/A,-1,0
259,Singers / Lebanon High School,1390,St. C Singers / St. Clairsville High School,1338,0
260,FLaPCo / Franklin Middle School,1390,N/A,-1,0
261,Premiere Edition / Hudson Middle School,1390,N/A,-1,0
262,Radiance / Regis Middle School,1390,N/A,-1,0
263,Soundwave / Warrensburg High School,1388,N/A,-1,0
264,Class Royale / Homestead High School,1388,N/A,-1,0
265,Midwest Express / Holmen High School,1388,N/A,-1,0
266,Keynotes / Olentangy High School,1388,N/A,-1,0
267,Executive Suite / Sioux Falls Roosevelt High School,1384,N/A,-1,0
268,Panache / Southmont Jr/Sr High School,1384,N/A,-1,0
269,Gold / Norris High School,1384,N/A,-1,0
270,Jive / Bloomington Jefferson High School,1383,N/A,-1,0
271,Fire And Ice / Washburn High School,1383,N/A,-1,0
272,Visions / Buckeye Valley High School,1382,N/A,-1,0
273,New Era / Churubusco Jr/Sr High School,1381,Class Royale / Homestead High School,1388,0
274,Summit Street Singers / Center Point-Urbana High School,1380,Christopher Jive and the Uptown 45 / West Branch High School,1418,0
275,The Association / Van Buren High School,1380,N/A,-1,0
276,Riot / Jefferson City High School,1379,N/A,-1,0
277,Internal Combustion / Ankeny Northview Middle School,1379,N/A,-1,0
278,Show Choir / Waterville Senior High School,1379,N/A,-1,0
279,5th Avenue / Western Dubuque High School,1379,N/A,-1,0
280,Wave of Distinction / North Side High School,1378,Fusion / Fairfield Jr/Sr High School,1367,0
281,Jam Session / De Pere High School,1377,N/A,-1,0
282,Oak Street Singers / Oak Park High School,1373,N/A,-1,0
283,High Voltage / Emmetsburg High School,1373,N/A,-1,0
284,Soundsation / Riverdale High School,1370,N/A,-1,0
285,Cabaret / Smith-Cotton High School,1370,N/A,-1,0
286,Music Makers / Harrisonville High School,1369,N/A,-1,0
287,Infinity / Des Moines Lincoln High School,1367,N/A,-1,0
288,Fusion / Fairfield Jr/Sr High School,1367,N/A,-1,0
289,General Admission / Winfield High School,1365,Visual Volume / Poca High School,1611,1
290,Old Abe Show Choir / Memorial High School,1365,N/A,-1,0
291,Knight Sensations / Castle High School,1365,N/A,-1,0
292,First Edition / Hudson High School,1364,Sound Attraction / Williamsburg Jr/Sr High School,1329,0
293,Center Stage / Preble High School,1361,N/A,-1,0
294,River City Revue / Hannibal High School,1361,N/A,-1,0
295,Bella Voce / Grand Island Northwest High School,1359,N/A,-1,0
296,T-C Sensations / Tri-Center High School,1359,N/A,-1,0
297,Gold Horizons / Northeast Jones Jr/Sr High School,1359,N/A,-1,0
298,Vocal Chords / Danville High School,1358,N/A,-1,0
299,Rhythm Masters / Whiteland Community High School,1355,N/A,-1,0
300,Music Express / Garfield Heights High School,1354,N/A,-1,0
301,Encore / Jackson Academy,1354,N/A,-1,0
302,South High Street Singers / Fort Atkinson High School,1354,N/A,-1,0
303,Summit Sound / Bishop Dwenger High School,1354,N/A,-1,0
304,The All Americans / ETC School of Musical Arts,1353,Singsation / Wapakoneta High School,1342,0
305,Limited Edition / Tomah High School,1352,N/A,-1,0
306,Images / Morgantown High School,1352,InAChordDance / Appomattox Regional Governor's School,1499,1
307,Rising Stars / Milton High School,1350,N/A,-1,0
308,Swingsations / Carroll High School,1347,N/A,-1,0
309,Tiger Drive / Marshall High School,1346,N/A,-1,0
310,By Request / Loveland High School,1346,N/A,-1,0
311,New Sound / Sioux City East High School,1346,N/A,-1,0
312,Central Attraction / Pearl River Central High School,1343,N/A,-1,0
313,Singsation / Wapakoneta High School,1342,N/A,-1,0
314,Amherechos / Amherst County High School,1338,N/A,-1,0
315,Voices Unlimited / West Liberty High School,1338,N/A,-1,0
316,St. C Singers / St. Clairsville High School,1338,N/A,-1,0
317,Momentum / Lawton-Bronson Jr/Sr High School,1337,N/A,-1,0
318,Visions / Grenada High School,1332,N/A,-1,0
319,Dutch Divas / Pella High School,1332,N/A,-1,0
320,Eagle Express / Aberdeen Central High School,1332,N/A,-1,0
321,Sound Attraction / Williamsburg Jr/Sr High School,1329,N/A,-1,0
322,Rhythm in Red / Vermillion High School,1329,N/A,-1,0
323,All Star Show Choir / ARTS Resources Group,1329,N/A,-1,0
324,Iridescence / Clover Hill High School,1326,N/A,-1,0
325,Purple Pizzazz / Middletown High School,1303,N/A,-1,0
326,Purple Harmony / Keokuk High School,1286,N/A,-1,0
327,Swingspan / Fort Madison High School,1276,N/A,-1,0
